name,sequence
CP119307.1 synthesis_score=50 category=Challenging GC=23.4% length=1545bp RIP=Gemini_AL1__RCR species=Candidatus_Phytoplasma_pruni,ACAGGAGCTAATGTAGGAAAATTTATATTAGGAGCTGGAGAAGCAATGGCTGATGGAGCAATAGATGGCATGAAAATTGGAGCATTAGCGGGAGGAGCAGCTATCGGAGGTTTACCTACAATTATATAAAAATTAAATAAAAAAAATAACCCTCTAATTTTAATTAGGGGGTTAAAAAAACAGAAAGAAAAATAATAAAATGAAAAAAACAAATTCAAAAATTAAAGAAAATAAAAATAAATTTCAATTTAATTCAAAAGATATTTTTTTAACTTATAGTAAATGTTCCTTAGGAAAAGAAGTCATTCATAAACATCTTAAAAATTTAATGAATGAAAAAAAGAAAAACATTATTTATATTATTTCTAATACAGAAAACCATGCGGATCATAAAGAAATTCATACCCATGTTTTATTACAATTAGAAAAAAGATTTAATATAATGAATGCGAGATTTTTCGATATTGAAGGGTTTCATCCACGAATTGAAAACGCACAACATATAGAAAAAGCGATTGATTACATCAAAAAAGACGGTGATTTTATTGAAGAAGGAACACCAAGAATTAAAAAATATGTACGTCAAAACCAAAAAGAGGAACGTAAACAATTAATTTATGATGAAATAGATAGATTGCAAATTGAATATTATGAAAACGAAAAATTAAAAATGCATGAAATTAAAAAAACTTTAGATGAATTTATAAAAAAAATGGATCGTGATTTTTATTATGAACAAATTGAATTAATTAAAAGAATATTAAAAGAAAAATTTATTAAAAAAGAAGAAGAAAATATGAATGAAGAGATAACAGAAAACGAAACGGAATCAATTTATGATTTTGAAAGTTTTAAAGACAATGAGATAACAAGAAAAATAATTGCGGCTATACAAAAAGAAAAGGACGTTTCCCATCGTCCATTATCCATTGTTATTGAAGGTCTTAGTCGCATTGGAAAGACCGAATTCATTATCAGTTATCTTAATAAAAATAAACTTCCCTTTAATTATATCAGAGGAAGTCTAGATTTTAACAAAGAAGTATATAAAAACGAATATAAAATAAATGTTTTTGATGATATTTCTGTTTTTGAAATTAAAAAATATGGCTTATTAAAAAATATTATCGGGGGGCAAAGAGGATTTATAGCTGATATTAAATATGCCCCAAAGAGACGAATAGCTGGGAATAAATTGAATATTTTTTTATGTAATGAAGACATTTCTTTTGTTCATTTTTGTGAGAAAAACAAAGAAATAGGTGGAAAAGAATATGAATATATAGAAAAAAACTGTCTTTTCTTTAATGTTAAAGAAAAATTATATAAAGAAAATGAAAAATAATAATTTACTACACATTGCAATGTGTAGTAAATGTGTAGTAAATTTAAATAACCTAAAAATCATACTCTAAAAAATGTGTAGTAACAAAAGCTCGTCGGGAATCTTATCCGACTCGCATACGTTACGCGCTGAAAAATGGTTAAAAATAAAAAAAAATCAATAATCAAATTATAAAATATACTACACATATGACTTTGCTT
NZ_CP108622.1 synthesis_score=65 category=Moderate GC=69.3% length=1915bp RIP=rep_init_RepSA species=Streptomyces_xanthophaeus,GACCACATCGACCTCGGCAAGGCAGCGTGACCCACGCCGGCCATCCACCCGAGCAACGAAGACCCGGACCACCCCGGTCCCGTACCGCAGTGATCCCCGGCAGAGGCGTGTAGTCGCCAAACCCTCGCCCCTGCCGGGGCCCTTCTCCCCTTCATCCACGGCACACACGTGTGCCGGAACGCAGAGAGGTCCTGCCAGCATGCCATCGCACGACCGCACCGCCACAACCCCCCGGCCGGAGCCGACCACCGCCGACCTGGCGGCGTTCACCTCCTACCGGGACCTGCCCGGCCTCGTCCGACAGCTCTCCTCCCTCGGCGGGTGCGCCCAGCCCATCCGCCTCGAAGGCCACCGCGCCGAGATCAACCCCACCACCGGCGAAATCCTCCGAGAACTGAAGTCCAAGGAGCTGCCCGCCGGACACCTCCTGCTCCGCTGCGGCAACCGCCGCACCACCCGCTGCCCCTCCTGCGCCGAGCTCTACCGCCAGGACACCTACCAGCTCATCGCCGCGGGGCTCCGCGGTGGCAAGAAGATCCCCGAGCAGGTCGCCTCCCACCCGCGGGTTTTCGCCACCCTCACCGCACCCTCGTACGGTCCGGTTCACGGTCGGCGCTCCAGTTCTTCCGCGCGCTGCGGGTGCGGGCGCACCCACGCCAGAGACGCCCCGGCCCTCGGCACCCCGCTCGACCCGGATCGGTACGACTACAAGGGCGCGGTCCTGTGGAACGCCCACGCACCCGCCCTATGGGCCCGCTTCATGCTCCACTTGCGCCGCACCATCGCCGCCGTAGCCGGAATCTCCCAGCGCCTGCTCCCCAAGGTCGCCCGCGTCTCGTACGCCAAGGTCGCCGAGTACCAGCGACGCGGACTGATCCACTTCCACGCTGTGATCCGCCTCGACGGCCCCGGAGGCGGCCACACCCCGCCACCCGCGTGGGCCACACCCGAGATGTTGGCCGATGCCGTCCACGCTGCCGCCGCCCGCGCCCACGTCGACGGGCCGAAGAACAACGACCGGACCTACTCCTTCGGCTTCGGCAAGGAGCTGGACGTCAAGGTCATCCGGTCCGCCGCCTTCCAGGACGAGACCACCATCACCGAGGGCAAGGTCGCCGGGTACGTGGCGAAGTACGCCACCAAGGGAGCCGAAAGCGCGGCTGGCACCCTCGACCACCGCCTGAAGCTGATCGCCGAACTCGGGCAGGAGACCATTCCCGACCACGCGGCCCGCATGATCCGCACTGCCTGGGCCCTCGGCGCCCGCCGCGACCTCGAACACCTGAAACTGCGGACCTGGGCCCACATGCTCGGCTTCCGCGGCCACTTCTCCACCAAGACCCGCACCTACTCCACCACCCTCGGCGCACTCCGCGAGGCCCGCGCAGCCTGGCACCGCCGCCACACCCCCACACCCGAGGCAACCACTCTCGTACTCGCCCACTGGGCCTTCGACGGCACCGGCCTCACACCCGACCTCGAACGACTCGCCCGCCTCGTCGGTGGCACTCATCCCGAGGCGGTGACGGCCCGTGCGTGACGACGAACTCCTCACCGTGCCCGAAGTGATGGCCCGCCTCAAGATCGGACGCTCCGCGCTCTACGACCTGATCCGCACCCGGAGCTTGGCCTCACTGACCATTGGCCGCGCCCGCCGCATCCCAGCCCACGCCTTGGACGACTACATCCTGCGCCACCTGGAAGGGGCAGCCTGATGACCGCTTCCCGCAAGAAGACCCGCGCGAACGGCGAAGGCACCATCTACCAGCGCAAGGACGGCCGCTGGGAAGCTGCCGGCTACGTACTGGCCGCCGACGGCAGCCGCAAACGCGTCCGCGTCTACGGCACCACCCGCAAGGGCGCCGCCGACAAACTCGCCGAGAAGATCACCGACAGCAACCGCGGCCTCCCCGTC
NC_004965.1 synthesis_score=70 category=Moderate GC=61.6% length=1920bp RIP=Rep_1__RCR species=Sinorhizobium_meliloti,TGGAAAACGGCTCGGAGTTGGAAGCTCCGAGCCGTTTAAGTGGTCCTCGGCGGCACCCACTGTCTCTTTGCTTTGGTCGGCAGAACAGCGGATGAAGCCCAAACTTGAGGCTCGGCTTGAAAGCCGAGAACCAGATTGTCAACATTTATAGCTGACACAGGGCAAAACATCAACCTCCCGACCGCTGTAAGGGCGGTCCGTGAGCGCGTGTAAGTCCCCCTCCGATTCCTCCATTATTTCAATCGTCAAAGGCCCTCTCACGGCTTCCTTCTGGCCGTCTGAGCGCGATTTCGTGCGCCACCCGTCCCCGCCGCCGGCGGGGCGTTCGGCAAGGCCGCAGGCCGCGCAGCTTGACAAGAGAGGAGCTACGTTGACCCCCCCTGCGAGGGAGGTAGGGGGGGAAGAGGCGTTCCGGCAGAGACGTAAGCGCTGGGCGCTTCGCGACGTAGCCGCCTCGATCCTACGTCCTGAAGAGGGGCGTGGCCCCTCTGTCTGCGGTTGTGGTCGGGCAGGGTTTGAGGTTGAGGAGGTGGGCTTGCACCTCCGCGCAGCGGGGGCGCGGACCTCGGGGACGTTCGCTTGTGACTCGGGCTGGCTTTGCCCTGTTTGCGCTCCGCGCAAGGGGCAGGAGCGCCGCGACCGTATGGCGGAGGTCTTCGACCATGTGAAGGCGTTTCGAGACGGTCAGATGGTCATGTGTACCTTGACCGTGCGGCATAGCCGCGGACAGGGGCTGGCCGATCTCCGGAAGGTTGTTCAGGCCGCTTCGCGGAAGGCTCGGCAGGGTGCGCCGTGGGCGCGCCGGAAGAAGCAACATGGGATTTTCGGGGTTATTTCCGCGCCAGAAGTGACGTTCTCTCGGTCGAACGGCTGGCACTTCCATATCCACACCGCATTGCTCTTGCGAGGGACTGGAGCCGAGGCGCAGGACCTTGGTGAGTGGTTCGTGCGGCGGTATCTGGAGGCGATCCAGGCGGCGGGCTATTCGGCCCTGCTCGACGGCCAAGACGTGTCCGTCATTCGGTCGGAGGAGAAGCTTGCGGAGTACATCTCCAAGGGCGTGGGGCGCACCCGCGATATCGCGTGGGAAATGGCAGGTCAGGCGACGAAAAAGGCCCGCTCTAACGAGGGGCTGCATCCGTTTGAAATCCTCGAACTGGCATCGGGCGATGACGGCATGAAAGCCCTCTGGCTGGAATATGCCGCGGCGATGAAGGGGGTTCGCTCCTGCGTCGTCTCGCCGGCGATCGCCGCCGCTCTCGGTATCGAGGCGGACGAGGACGAGGAGCGCCCCGGAGAGGAGGAGCCGCCAGAGGAGCAGGCAGCGGGATACCTGCGCCGCGACATCTGGAACACGCTCATGTCTCGCAAGCGGGCGTCTACGGTGCTGGCCGCGCTCGAGGACTTCGGCGCGGATCGGTGGGCGGACGTGGAACGGCTCGCCCTCGACCTCGCGGGCCATGCACCTGAGACGGGGGAACCTGCGCGGAACTCGGATGCATGCGCCATCGGCATGGACGGTGGCCGCTCGGGCCGACGACATCAGACAACAGTCGAGTTGTTCCGGAGGCGAGGCCGTCCGCACGGCGATGGATCGGGAGCGAGGGCATGCCGTCGCTTTCGGCCTGACGTTCCGCCCGCCGCCGTTGCGGCTGGTGCTGGAGCTGGTGGCGGCATAGTCCGCCAGAGGCCCCAGCCAGGCCCCAGAGGGTCCGCCTGAAAGGCCCCTCGGAGAGCCGACGCTTTGACCGAAGGGAAAAGCATTAGTCGGTCTCTAATGGTTGCGCCGGTCATCTCCAGAGCCAACGATTGTTGCATGTCGTCGGGGGGTGCTGCGCTTGAGTTTCCAGTTCGCACATTTGGAGAATTTTTCGAGGAAGGGGGATCGCAAAGGGCGGTCCACCAGCTTTGTGTTTTCGG
NZ_AP027935.1 synthesis_score=80 category=Easy GC=58.0% length=4273bp RIP=CyRepA1 species=Aeromonas_veronii,TGACCGGCGAGGTGGTGGTGGTCAGAATGCACGACGACGAAGTCATGCTGAAAGTATTCACCGGCATCAGGGATGACAAGGTGGTGTTAGATAGCCTGAATAGCGGTTACGATAGGCAGCTCAGACCATTGCAGGACGTTGTCTTTATTCATCAGGTGGTGGCCAAGGTGACAAGCGCAAAGATAGTCAAAACGCCTTGAACGCAATCAACTACAGTTGAAGTCCGAATTGATTTATCTATAGGATCTGAGTAAGATCCGAGGCGTTGACCTGTTCAGTGGCGAACTGGTCAATTAGCCAACAGACAGAAAAGAAAAAAGCCAGCGTGGCGGCTGGCTTCTTGAAAAGAAAAAGACCGGTTGTGGCGACCGGCCTTTTAATCGGAATGGCTACAATGTCCACTCTCCACAATTCGAGGACATTGTAGTCAGTAACAGATCCCAGTGCAAGTGGGGCCAGTGGCCCCACTTCATGGGTTTTACGGGACTACCATGTCTAAGAATAAAATAGTGACGCTGCAAGATGCAGCGAACGCGCTTTCTTTCTGTGACCCTAACGGGGATTTCGGATACTGGATGAAACTCGGTACCGCGCTGGCGGGCGAGTTTGGCGACCAGGCATTCGATATCTTCGATACGTGGTCATCTGCCGGTTCTACCTATAACGCCAAGTCAACCAAGAATTATTGGAAAGGCTGGCTTCGCAACAACAACCCCAATCGTCCCAATCTCTCCTCGCTGGCATATGAAGCCAAGCTGGGTGGCTGGGTGCCTGATCGTCATACCACTCTGTCACCGGAAGAAGTCGCACGACGCGACAAGGAGCTGGCTGAGAGAGCTGTTCGCAAGGAAAGCGAACAGGCAATTGCACAAAGAGAAGCAGAGCAAAACATTAAGCAGTCTCACGCAGACTTTTTTGCCATGCCTAACGACTTGCCACCGACAGAGTACATGCTGAAGAAGTATATGACTGACATCGTGGATCACCTCGATATCAGATTCTTCACCAAGCCTGGGTTTCTTGGTCGTATGTTCTGCTGGCCACTATGGGATGACGACCCCAGGGTTAATCCACAAGCACAGTGGTGTGGATATGAAAAGATCTGCGATCGCAAGAACGAAAAAAAACAAGGGAAATTCCTCTCTCGCTCCGGCAAAAATGACCGGGGCTTTGGCGTTATTGGCAAGCCACTAAATCAGGTCAAGAGAGTCTTCATCTGTGGCGGTTTGGCAGATGGCTTCTCCGGCCACATCGCTACCGGCGAAACCATGGTGGTGGTGGTTGGTGAATCCAACATCCCCAACATCAAGCGCCGCCTGCAGGAGCTCTACCCAGAGCTGATCGTGGTGGTCTCACCGGATAACGACAAGGCGGGTATTGCCCAAGTTGAGAAGGCGGGTGGCTTCTGGTCACTGCCAGAGAAAGCCGGGGCCGACTGGTCAGACGTATACATCAATGAAGGGGCTGAGGAAGTGCAGCGTCAGCTGCTCAACATCCGCGGCCTGGTCTACAACGTGGTGAACCAGCCCAAGTTGGACATCAAGATCCAGCCTGGCCTCAACCTCATCAAGTCAGGCAAAGAGACTGGGAAAACCTTCTCTACCTCCGATTGGAGCCGCAACAATCGTCACTTAAAGACTTTGGTGATCAGCTATCGCCGCAACCTGCTGCAAGCACTAGCGGACCCCAAAAATTTTGATGCCCAATACTACGAGCACTTGATCCTGGATGAACGAGGCACCGACGCAGATCGCAACGTGCTATTGCGTCAGGCCATGCGTCTGGTGATCACCCCTGACTCGCTATGGCGCCTGCAAGGTAGCGAGTGGGACGCGGTTATTGTTGATGAGGCAGACCAAACGCTGCAGCACTTCCTGTCAGAAACCATGCTCAAGAGCGGGCGTCAGGTGTTAAACATCGAGATGTTTGCCCACCTGCTATGCCGTGCATCAACTCAAGTGATGATGGATGCCGACCTCTCCGACCTCACTGTCGGGTTCTGCAACTACATCGGCCTGCAGTCTGGCACCTATCACATCAACGAGCACAAGCCGCGTCAGGGCTCTACCCTGTTCGTCTATGAGTCGCCCCATCACATGCTGGCCAAGCTCAAGGACAAGCTGCTGACCGGCGAGCGCCACTACTACTGCGCGAACTCCAAGAACCAGATCATAAACTTCGACGAGAAGCTGCAGATCGCCAAGCGCCGTGGCCACTGGAACGGCGAGTGGTTCTCAGTCTGCTCTGACAACTCCACAGACGACCAGACAGGCGAAATCGTTCGTGACATAGACAACCGGGTCGGCGAGTGGAACGCACTGCTCGCGTCCCCCAGCTGGGGTACCGGGATCTCTATCAACAAAGGTCACCCGTTCCAGGCTACCTGGGGCCGCTTTGGTTCAAACACCGGTACCGTCGAGCAGGCACACCAACAGCTTGCCCGCGCTCGCGGCATCACCGAATACCATGTCTACGTTGACCCGACAGAACGGGCCGAGCCAACCGACCCGGATCAGATCCTGCGCCTCGACCTGGCCGAACCTGATGCTGAAACGGCCAGGTTTCTCAAGCTCGAAGACGGCCAGCTGGCTTTCTCCAGCAACCTGTTCGAGTGGGTCTATTGCCACGTCAAAGCAGCGGTCAACAAGTCAAAGAACAACTTCAAGGGGCTGTTCCTCGCCCAGGCAGAAGCCGAGGGCTATAGCATTGTCCACGTCATGAAGAACAAGATGATGGTCACCTTCGGCAAACAGGACGCCGAGGAAGCGAGTGAACGCCTGCGCCGTCTCGATATGCTCTCGATGGTCGATGCCAACCTGCTCGATGATGACCAGCTGCGGCAGGCCATGCACGGCGACGTAGACCAGACCCAGGCCGCCATCATCAAGTCCCGCGTCTATCAGGAGCTCAACCTAGACGCTATGCAGCCAGAGCACGTTGACCAGCTGGTATGGGACGCGGCCTCTGTCTTCCAATCTGTGACCGCGACCGAAACCGAGTTCGGCGATGACGTGATCAACGTGTGGCCAGCAGGTCGCCGTGAGCTCATCATCAACGCCCTCGGCTTTGGCCAGCAGCAAGAACGCCTCGTTAGCCGGATCAAGAAGCTGGCCATCGCAGCTATGCCCGCCGAACTTGTCAAGGCGCTCGACCTGAAAGACCGCAAGTTTGCCCAATCCCGCGCTCACCTGCATCACTACGCCAAGCGCCGCCATCACCTGCTGTGCATCCTGGCCGCCGTCGGAATCGACGAGCAGCTCAACTATGACGGAAGAACCTGGAACGCCATGCAGATCACCAAGGATCTGCGCGGCTGGATGACCCGCAACCGCGAGGCGCTCTACAAGTACAGCGGCGTCAGCCTGACAGATAACGCTATCGACGAGCCGCTGCAGTGGCTGCACGGCTTCCTGCGCGGTTTGGCTATCGATGTGGTTTGCCATGGCCAGAAGCGCGTGAAAGGCCAGCGTGTGCACGTTTATGGCATCGACGGCGACAGCCTCTCCTCTATTCGCATCCTCACCGGATTGCGGATCAGCGGTATCCAGTCGGCGACTATGGATGATGGCCAAGTGTCACACCCTGCGCAGCTGGTTAATAGTAATCAACTGGCTCAGGGTGTGACACCCTCTATTCGCGTTGAAGCCGCGCCACACTTGACTTTGAAGACATCTGAGGATGTGCCGACATGCAAAGAATCTGCGGCGGAAAGTACAGAGATTCTGTATTTTGCAGACTCGATCCCTGAAGGTTCCTTTGAGAGGGTTGCAGCCTATCTTCAAGAAGTAATGAGAGAGGGGCGTGCGAAGAAACTAGGCCGTCGAGACCAGATGACGCTGCTCCATGTCGCCCCCTGGCTGAACAAGCAAGAGGTAATATCAGCACTGGCAGAAGGGAGCGCCGTACCTCTCTTGAGACATATCAAGGAAGCGGCGAAATCAGGCGTGGAGTGTGGCGCTGACCGCCTCTCAGCGGTCGTACTGTTTGACCTTCTTCAGTCTGATATCAGTCATGACGCCTTGGCTGAGTTCTTGAGTGGGGCCGCAGTGCAGCCCCTTGGTGAAATGGCTTAACGGTAGGCGGCCTCAAAGGCCCCTCTCAACGCCTCCACATCAACCCTGACCATATCGCCAGCCACTGGCGATGCCCTGAACGAGGCGGCCACCTGTGCCGCCTTCCCTGTTGCCGGTTGTGCGATGAACCCTCGCGGATTAGCCGCCTCCGTCACCGCGTAGGCCAACCCTCCGAACTTCCCGCCACTCCGGCACATGAC
NZ_CP062197.1 synthesis_score=80 category=Easy GC=50.5% length=2460bp RIP=RctB_central species=Plesiomonas_shigelloides,TAACCGCCATAGAGCTAGAGAGCGCGACGCGAAAAATCCATTTTGTTTGCATAATAGCTATCTACATAAACTTTTTGATGTAGATAACTATAGCGATCGCCAACCGCAATGAAAAATACCCATCTGTATACAGATGGGTATTATCAGTAAAAAGTCATGTCTAAAGGGAAAGTGATAACCGCTCGTTATGGCTTATCGATTAGAATTTACCCACCAACGCAGAAAAGATCTGCTCATCCATATTGTGCGCTTGTTTACGCAAACGCGTATTGGTGGTTAAGACACTGACCATATCATCCAATGAAATGGTTTTTTGCGCCTTTTGGCTCACGTGATAAACCAACTGTTCCAGATCCTGTGGCTGGATCAATCCTTGGCTCGACTCAAACATTTCCACTTCTGTCATCGCATTATCAATGCGCTCTTTAATCTCCACCACCGGCGTTAATGACAAGCGGTGAATTTGGTCACACACCGCCAGTAGAGTCTCTGCACTGCTGTAACGCGAGACACTGAATTTCGCATTACCCACGGTGATCGCCAGTGAAAAGCGGCGCTTATCAATTCGGATTTTCTGGATGGGTTTGGCTTTAAACTTCAGATCCTCTGGCAACGGATTGAGCTGAATAACGTCATCTTCTAAACGATGTGAAATGCCGGGCAGTTGATTATTAAACTGTACCGGCGCTTTATTCCCCAATTTTTGCATAGACAGGAACGATTGTTTCTCCACGCCAGACAAGGTGCTGAGCTTAGCGCGGGTTCCTTCCGAATGGGAATAAAAGAAGATTTTGTCTTCATCCAGCTCCAGTGCGCAATTGATATAGTAGACACCTTTAATGCGCTCAAAGATAAAGTAACCGCTGATCCCAGAAAATTCACCACGGATATAGGTGCGCTTTTCCAGCCCTCGACCGGTACCGGATGAGGTGACCTCAATGCTGCCGTCATCAGGACGGGCTTTAAAATGCGCTACCACCACTTTTTCAAAGGTGTTGAAAAAGACTTTGCTGGTCAGATCGGGGGCCAATAGCTCATTAAGCAGGGATAAATCCATATCCAGCCGATTGCGATGCGTACTTTGGCCACGACAAAACAGGTATAAACGGAACATTAAGTCGTGATAACTGATCACCTCGACCGGCAATAAATAGAACATCTTGCGCTCGAAAATCGATTTCAGAACCGAGACGCGCCATTTGATGTCATAGCGATGAGGTGCCATATCCTTATAGACATAATCACCTTTGGCATTACGTAGAAATTCGCCATCCGCGCCGCGGATCCGGCGTCGAACAAACTGTACCCCTTCAACCTCGAAGAAACGGGCCAAGGTGTTATGAATGTTGATATCGTCGCCCAAATCTTGATCGCATGAAATCCCAACTTTGGTATTTTCTATTCTTTTAAATAAGTTAACGATTTCATCACGGGTTTCTTTGTTACCGGATTTCCCTAACAAGCTCAGCAAGTGATCAGTGTGGATAGGAGTGATATTTTTGATGGTCCCATTAGAGGATTCGTAAATCCCACTCATATCCATGTGATAGCGAATACTTAAAAAAACCAGCGCATACAAAAAACGGATATGTGAACGGTTAAATACCCCATCCATCGATTCGGTGGTTAAAAACAGTTTTGCCGTAATGGCATCATCATCGCTTAATAGCGTGATGGGCTTTTCAAAGTAGCGCTCGTTGAAGCCATTTGGCGGTAAGTTATTCATTAAATTGATTTTTTGGCTATCAGGCATACCAAACAGCGAGCCAAAAAATGAATGATCGGGGATAACCGAAACGCTTTCTAGTTTCAAGTCCAGTGGACGCACTGGGTATACCGGTGAGGTTGAAACTGGATATTTACGTGCCGCAGAAGGCGTGGTGCTCTTGGCTGGCATATTTTGCTGATCGGTCAGTGCATTTTTCGGCGCCGGTAGCAAATACAGTTTGTTTTTGGATTTTTTCTGGGTGGCGTATTGAAAATTATCCTGCTCAATGAGCAAACCGCGCTCTTTTAAGCGCGAAATAGCTTGTCGCACACTGGCGCGTGTCAATGCCATGCTGTCTGTTAACGCCGCAACACTGACGCAGTGATCTTGATGCTGTTTTGCCTGCTGTAAGATAGTTTGGATAAAGGTCTGTGCTGATTTAGGCAGGTTAAGCGCGTCATATACGGCATCCGTCTGCTCCACTTTGATCAGCGAACCTTCACTTGTACTCCGATCATGCTCAATCCAGTGTGTGTTGTCGTATATCAGCATTTTAGAAATCCAAAAAAACTTATTGTTTGTTTATATCCTGATTCTTTTTTTCTTTATATCTTATTTATCTTAGATCATGGGTACTGTGGGTAACCGTTAAAAAGCTAAGTTATTCAATGCATTAAAAACTGCGATCCAAATAAAAACCGCCTGTTTAGTTAACGATCCACCCTTTGTTAGCAACGATCCACGCGTTGTTT
NC_006569.1 synthesis_score=80 category=Easy GC=62.8% length=2595bp RIP=PriCT_1 species=Ruegeria_pomeroyi,GCCAGACGAAAACTATCTTGGGGAACTGGCACAGGCTATGGTGCCTAATCTTCGGGCCGCTCTATTACCTGTTCAAAGGCATGTTCTGGTGGGCGCTCTTGTCGCTAATCACCGCGAACGGGTTGTGGGTCGGCTTCCCGTTGTTCAATCGCAGCATCGTACTGCGCCACTTTCACCGCAAGGGCTGGGTTCAAGAATGACCGCCAGCACCTCCGCCCAAGCAGTTTGCCACCCGAGTGGAACCCGGCGCACTATGCCGAAACCCAGCGTGAATGCGGACCGTATGAAAAGACTCGGCAATTCGGATCCGGCTCGCATCCGACAGACTGATAGATAGTCCTCGTGTCACCCTAGACAGGTCTGACGGGCACCCTAAGAGGTGCTGACACAAGGGCTTGGGGGAGGCGTTTTTTTAACGGCGCGCGCCCTACGGGCAGACGAGGGGTCATACATACCGCCGAGGTTTTTGGCCCCTAGCCGCTCCGCCGTCCGGTCCAGCGCCGACTACTGGAAAAGCGAAAGACGGGCCGAAGCCCGCCTCTCATTCGATATAAAAATTGTTGTACACGAATTATTATAACGATCACTCATCGGTGCGGGGTTCGCCGAGTTTCCAGCGGGTGCTTTTTCCCTTACCCACCTGCACGATCTCACCGGATTTTGCCATGTCCGCCCGAAGCACGTTCAAAGTGCCAACAGACGCGAGGCTGCGGCTCGTCACGGCGCTTTCGACTGCCTCCCACCTGACTGGCTGATCGGATAGAAACTCGAGGATGAACTCTCGCGCAGAGTCAGTGGCTGACGCAGGCCTGCCGACCGAATTTGTCTCGACCCTGCAAACCTCGGCCTCATTGGCGTCAGAGAACTCCACCGGGTGCAGGACCGGCGTCTCGTCTCGCCCGCCCCCAAAGCGCTCGAAAATGATCGTCTTGCCGAGTTCACTGGCGTTGGCCTTGCCGTGCGCCAAAGCGAAGCGCGACCGATCCGTCGGGTCCGTGCCATAGAACAGCGCAGATCGAATACTGGCGGCGAAGCCAATTGAGCCGACAATTCGGAATAGTGGATGCTCTGACGACTGTTTGTTCAAGTGACCAATGGCCAGCACCGCACACCCGGCATCCTCGGCGATCTCCGTCAGGCGCCCCAGAAACTCGCCAACCTCGTTTTGCCGGTTCATGTCGCGTCCACTGCCCATGTAGGCGGTCAGCGTGTCGATCACGACCAGTTTGGGCCGCTCTTCGTCAATGTAGCGCGCCATTGCCTCAAGGTTGTCCGGGCATAGGATCTTGAATCTCTGCATCATGCGTATTTGCGAAATATCTGCCCCATGCTCTAACAGCCTCCCAAGGGTTACCCTTTGCCAGTTGTCTTCGGCCGAAAGTAATAGAACTTTGCCTTTCGGAGCGCATTCGTCCGAAAGCGGCCAAGGGCTGCCGGAGGTCACTGCAGCGATCAATCGGCTTACCAGCAGGGACTTACCCATACCGGGATTGCCCGCGAGCAGCGTTACGCCAAAATATGGGATGTACGGGTAGTACAGGAACTCCATCGGCAAGGGCTCGGTTGTCTTTGGTGGCCCGAACAGGGCTGCAGTGTCTTCGACATAGTTCCCGCTGCTCTGGATGACCGAGCGCAACTCGCTTGGCGACAACGGGGCTTCGGTGAAATCGTTGTTCAGGGTTTCCAGCATGGCCTCAACCGCATTTTTATCATCGAACCTTCGACGCAAGAAGCAGGCCGTACGAAAGAAGAAATCGTTGCGGCTACCGCTCTTGATGACGAGGTCCGTTGATGCCGTTTGCGGTCCCTCTTTCCTATGCTGCGTTCGATCAGGTTTGAGCTTGCTCAAGTTTTTCGGCATAGCGGCCATACCGGAAGGCGATTGCGAGGAGTAACGATAGCGCTTGCCCGAGGGATGGGTGCTGGGAGGAACCATCACCATCCTGTTCGCGCCGGTCAGGACGTCAATCTCATCACCTTTGAACGCGCCACCAGAACATTCACCCTGATAGTACAAGTGATAGCCGCGCCCGGTGAAAACCTTGACCGTTTTCGGCAGATCAAGACCCTCAACGGCCTGTTTGCCCGCTTTCCCGTCCACATCGACCACCGTCAATCCGGCGAGAGATATCGCGAGATTGGCACGGGGATGCGTTCGCAGGGCTTTTTGCACCAGTTCGATATCATCGGTCGCACTATATACGCCGTTCGGAAAGTACTTGGACAAGGGGTGTTTGCCGGGTGAGGGGCAGTCGTCACGCTTGCACGAGCATCGCCCGTCCTCGCCAATGCCATATGTCAAAATCACTTTTCGCCCGGCGGCGATCTGCGCCTTGGCAGCGTCTAGTGTATTTCGGGAGCGCATCTGTTTTGACACGCGAAAATGTTGTCGCATGGTGTTTCCTTTGATTTCTTCTGGAAGAAAGGGGGCTGGAAAGCCCCCAATCAGTACTCAGCGTAATGGGTGCGCACGCGCTCGGCTGCGCGGTCAGCAAGCCAGTCCTCGATCTCGGACAGGAACCACGCAACGCTGGTCCCGGCCATCCTGATACGCCGAGGGAAGCGCCCACGGGCCTCCCAGCGCAACAGGGTCGT
NZ_CP121796.1 synthesis_score=90 category=Easy GC=57.3% length=1113bp RIP=PRK13742.1 species=Aeromonas_hydrophila,TGGGCTAGAGAGCCATGAAGGCAACTTTTCGACCCCAACAAGCCCTGAAAGGCAACTTTTCGACGTGAGCCACGTCTCAAAGGCAACTTTCCGACCCGAATAATATCCACAAAGGCAACTTTCCGACCCGAGCACCACTTGACGATGTAGAGGCTGTTGATAACAATGGCAACTCATTTAGAAATGGGTTGCCGTAGGGATGAAAACAACCACACCAAAGGTCGCTTGGCAGAGCAATGCCCTCCTCAATTCAGCCTACTCGATGAGTCGAGACGAAAAGCGCTTGTTGTGGCTTTGTCTGAGCCAGCTGAATGGGAACGAGACAACGATTCCCGATGAGTTTACCGTCACGCTGGCTGACTACACTCGGCTCTTCGACATCGACAGCTCTAACGCATCATCCGATATCCGAGTCGCCCTTGAGAAGCTGCGGCTTAGAGAGGTGATTTTCTATTTGCCTGATGAAGATGGTGAAAATGGCGACCGGGCATTCGACGCCAAGAATATCGTGATTGGCCGCGGGGTTAGGCCGAAGCGTGGCGTTTACACCCTGGAGTTGAACCCGAAACTCGGAAAGTTTCTTCTTGGCCTCAGCAGGGAGTTTACCAAGCTGCAGCTGCTCGACGTGGCCGACTTGAGAAACCCACACGCTATGCGGCTTTACGAGAACCTGATCCAGTTCGAGAGTACCCAGACGTTTTGCCAGAAAGTGGAATGGTTCATTGAGCGGTATCAGCTGCCGGCTTCCTATAGCCGCTACGCCAACTTCAAGCAGAAATTCCTGGAGGTGGCGGTGGAAGAGATCAACGCCAAGACCCCGCTATCTGTGGCGTATGTCGAGAACAAGACCGGACGCAAGGTGACATCTATCCTGTTCAGTTTTTCCCGCAAGAAAACCGGTGAAGCTGCGTGAGCTTTCAGTATCGAAAGCGAGTTCGGCTTCTCCCCTTCTTGTGGCTCAACTTGTCAAAAACAGGCTGGTCGCTGACGTTCCGTTTCGGCCCGCTCTCCTATAGTGCTGGGCCGAAGGGGCGACGGGTTTCCGCGTCACTCCCTGGTACCGGCCTGTCATATCGAAAGACGATCATCAAAAGGCCGGCAGGCCCCAAAACA
NZ_AP018736.1 synthesis_score=90 category=Easy GC=59.4% length=2332bp RIP=REP_ORF2-G2P__RCR species=Rhodococcus_erythropolis,TCGAGACCTTCAAGCCTGGTACCTGCCTTTTCGAGAAGCCAGGAGAAGGCCGGCAGATTATGCGATGCGACTTTGTCGGCGAGTACGGGAGATATGCGCGAGCCATCGAGTCTTCGGATCTGCGTTTTCTCGCCACCCTCCAGCAAGACCAGGCCCAACGCGAATTCTTCGCTGAGGAGTTCGGTGTGGTGGATCCGTCATGACTGGACCACAGGAGAGAAAGCGCAAGGCGGCGAAGCCGTCGCGGGAGCCTCAGTTGAACTGCTGTGAAGCGGACGTGCCGAAACGAGCAAAACAGCCCCCGGTTCCCTCTACGTTCGACCTGCTCACGGTGAAGGAGACTGCGGGGCTGCTGAGAGTCAGTCAGGCAACTCTTTACCGGCTGCTTCGGAGTGGGGAAGGACCCACATACACACGGATCGGTGGACAGATACGCGTTCACCGCGAGTCGCTGCGTCGGTTCATCGAACCGCGTGGATAACGTCACAGAGACAGCGAAAACGCCTCCCCTGGGTCAATCCGGTTACCGCCGGACTGGGGGAGGCGCTTCGACACCTACATCCGTCGCCCCTCGAAAGGCTCAGATGCACTTCCACGATAACGCAGAGGTCGGACAAGAGGGAAGAACTGCCGTTCTCTCGCCGTTGCGCGGCGTAGCCGCCAAGCGGGACGTGTCTGACGATGCAGCGAAGCGGAGTCGGCAGGCGCGGCACGCGCCTGGGCTTGTTACATCTGCCACAACTGTCCGTGAATCTCTGCCAGCTCCTGAAACCGCTGGTCAGGGCCTTGCGGAATCCGTGACCGCTGATGATTTTTGGTCTCATTCGTTCCCCCGCGCTGACGATGTACGCGGCGCAGCTGCTTCCTTCCAGTCGGTGGCTAACTGGGATGGGCGTGAGGGTCCGAGGCCGCGTTTCGTTGTCGCGCCTGGCGTTGTCCGCTTGGAGGTTTGTGATCTCGCACGCCGCGAACGAACGGCTGAACGTGCGTATCTGGCTGCTCGGGCTCGGGTGGATATGGCGGCTGCCAGGCATAACTCGCCGTACGACTTCGACGTGGACGATGAAGAGTTGGCGGAACTGGCTTCTCTGCAAGGCCTCGAGGACGACGACATTGGGGGCTGGTCTGCGGAGAGGGAAATAGTGGGCTGGTCTGCTCGTTCTCGGTCACGGATGATCTTGCGAATGGCAGAACTCGACTGGGCTCCCATGATGGATTTGCCGGGCATTCCTGCGATGGTGACCCTCACCTATCCGGGGGACTGGCTTACGGTTGCCCCCACCGGCGCTGAGGTCAAAAAACATCTCCAGACGTTCTTCAAACGGTTCCAACGGGCCTGGGGCATTGCCTGGATGGGTGCGTGGAAAATGGAGTTCCAAAGCCGAGGCGCTCCGCATTTTCACCTGTACATGGTCCCTCCTCATGGGAAGGCAGGAGACTCGCGGAAGCTGCGGCATGATGCTGAGCTCTTGAAATGGGAGATAGCACGTGCAGAGGGTGAAGACCCAGGTCGCAGGCCGTATTTCCGGGAAGCTCCAAGCGATGGATTGAAGTTTCGTCCGTGGCTTTCTGCGGTGTGGGCCGACGTCGTAGATCATCCGGACCCCAAGGAAAAAGAAAAGCACGTCAGTGCCGGCACTGGAGTGGACTACGCGGAGGGCACGCGAGGGTCAGATCCGAAAAGGCTTGCGGTGTACTTCTCCAAGCATGGAACCTTTGCCGACAAGGAATATCAGCACGTAGTTCCTGCTCAATGGCAGAAAACGGGTGCGGGACCTGGCAGGTTCTGGGGCTACCGCGGTTTGTCGCCGGCCACGGCTGCCACCGAGATTTCCTGGGATGAGTACCTGCTTTTATCTCGCACGTTGCGACGATTGTCAGCGCGAACGAAGATCTGGGACCCGGCTTTACGAGGCGGTAGCGGCGGCCACAGATGGACTAAGGCGATGATGCGACGCACGGTTACCCGGCACCGCTTGGACCTCGTGACCGGTGAGATTCTGGGCACGAAGACGCGGAAGGTTCGGGCGCCAGTGAAGAGGTTTGTCCGGACTTCGGGATACCTGTGTGTCAATGACGGGCCCGCACTGGCTCGAACCCTCAGCCGTCTTCGTACAAGCTGCCTGAGCTAGACGCGCGGAACGCCTTTCGGCTTTGTCTTTTGCTGGATGGCGGGTTTTGGGCGGCTTCTGGTGATGCGCTGCTGCGCTCCGTGGGGAGAGAGACCCAACGACTGACCTATCTCTACCCAGGTGCAATTCATCTCCCGCGCTCTGTCGGCTAGGTAAACGAGGTGCTCCCGCGCGAGCTTTTCCATGTGGTCGGCCAATGT
CP104739.1 synthesis_score=90 category=Easy GC=57.5% length=795bp RIP=RepL__RCR species=Edwardsiella_piscicida,TGCACATGGTGTGAAATGTGGTGCACCATGGGTGCAGTTCAACGACACATAGTGTGCAGGAGATTACACCGATGAGTGCAAAGGGTGAGACTGAGCAGTCTCAGGCAGATGAGAACTACAACTTTGTCCAGATATCGAGGGGATACCTCAAGGCTTGGCGAGGTTGATACGGAAGAACGGCCTAGCCGCCGAAGTGCTGATGTATTTCGTTGAGAAGATGGGCCGCACAACCAACGCTGTCGTTTGCAGCTATGCGACCCTGACAGAAGTGACAGGTTACAGCCGCAGGAGCGTTGCAACAGCAATCAAAGTCCTCAAGGACGAGAGCTGGATCCAGACAGTCAAGATCGGTAGTGCAACGGCATACTGCGTGAATGAACGAGTCTTTTGGCAGGCTGGCCGCAACCAGCGCAAATACGCGATATTCAGTGCTACAGTTGTTGCTGCAGAAACAGAACAAGACAGCGACTTCCACGAACGGGCCAAAGAAAAACTAACCCACATCCCCTTCGTTGATGTCCAGAAGGAACGACTGATTGCCGATTCAGGCGAACAACTGCCACCACCGGATCAACAGGACTTGGATCTCGACTGATGGGTAGATTCCGCGAGCTAACCCCGCAGAAATTGACGCTCTGCGGGAAGGATATGCGCCAGTCCAGCAAATGGGCCAAAGCCGAGTTGATGCGGCGTAAGGGGCGCCTTAACGACCAAAGCCACGGCTCGGGTTTGACCCCTGCTGTGGCCCCAACTTCCGCCGGATCTCCGCCTCCAGCTTGCGAGCCAGATCCTGCT
OY725836.1 synthesis_score=100 category=Easy GC=57.8% length=1606bp RIP=REP_ORF2-G2P__RCR species=Subdoligranulum_variabile,TTGCAAATCAATTTGCAATCCGTCCATAGGGGCAAAACATTGCAACGAAAGCACCATGTCAGCCGCAGAATCCACAGCAAGATAAACCGGAATATCATCTATATCGGCCCGGACGATTTTAAAATCGGCAGCGACAGCGGGAAGAAGCGTTTGCAAAAGCTGTTCATAGAAGTCACTGCAATCCACGCATGCAGTGCGTTTATTGCGTTTGACGTTTTTCATCTGTTTCCACCAGGCACGAAGCCAGACCGGAAAAGGAGACAAGGCCGCACTCCAACGCCTTACTGACAATAAAAGCTGGCGGAACATCAAGCGAAGCCGAGAGAGCCATGAGGAGAGAAGAAGTATCAGCATCGACGAGCACCATCAAATTCATACAGGTTTTACCCCTTTCAAAAATTCCATCTGTTCAACTGTTACAGGAATACAACCGCTTTCATCCGCTTCAAAATCGGGCCATTGTTGATATTTCCAATAATCATCCCAAGAAATCAAATCGCCGGGACAAGACCAGTGTTTATAAAAACGGGCGGTATATTCTTCATCGGCCCAAGCCGCTTTACACCATTCATTATTCACATCATCGGCTGGAATCTGTAAAAAGTCGGAATCACTGTCGTAAACCAATTCAGGCTTTAGCAGTCCTTTGCTTTTCAAAACAAGCTGGGCGTTTTTACCCCAATCCGTCAAATCTTTTGTTATGTACTTGCTAACATAGGTTGCACAGCGTTCCCGGTCTTTAATGAGTGAACAGGAAAAGAATCCGAACCGTTTTGAATAGCGCGGCCAATCCAAATATCCCTTAGTATTCGGAACCATTGCAATTGTCCCGTCATCCATCCGTTTCCATATCTTTTCAGGGCATATCAAATCGTTAATATACGAAGTAACGCCGTGAAAGTGGATGGCACCATCTTTGTGATGCTCCGGAACAAAAAGATAGCGGAAATTGGTATCTACCCGTTTTTTATAATCATTAAAAAACGATGAAAGGGACTTTCGCAAAGATTTAAAATCATAACGGTCAGGAACCTTGTTTTCATCGAATGTAAAAGTACAGAACAAAACGAATCGGTTACACAACAAAGTATCTTTGATTCTTCGCCGCGTTCGTGAAAGACTTTCGTCCATGCGTCCCTCATGGGGCTGGGATTCAGAACGTTCAGAGTACAGACTGGGGGGCCGGTTCAACTGTATATGCCGATAGGGTACTTCTTTTTGGTCATATCTGTATATCCGATACAAACCATCACCCCAACGCGTTATAGTTTCCTTTCCCGGTCTGCCTGAAAAGTGTTACGGTGTCAAGTATCCCCCCAGCCCCCCTTACAGGAGGCCGGGGGAGCTTTCGCGCGTGGCGGTGGGGCCGGGGGCATAGCCCCCGCGCCCCCACCGCCCGCCGCGCTTACATGAACGCAACTGCGCAAATTTTGCCGTACTTGTTATATGTCGGGTCAATTTCCATGCCCACGCATTCACCTGCCGTGAGCAACCCGGCATCTCTGACAGCAGTGTCCATCAGGTCAGGTTTAACCCACAGCTTGTCCGTCGCTTCACCTGTTACATTATCGTCGTGATAGCTTACAAACAGGGAATGGCCGCACAC
